BCRNAME;abd_ppy_median;abd_ppy_lower;abd_ppy_upper;bird_id
TAIGA SHIELD AND HUDSON PLAINS;-2.44627529328539;-4.6052021933833;-1.20864000970927;Canada Goose
LOWER GREAT LAKES/ ST. LAWRENCE PLAIN;0.0747021012001871;-0.419141649389554;0.548389501932834;Canada Goose
BOREAL SOFTWOOD SHIELD;0.236292842677308;-0.611107787613135;1.19437801177937;Canada Goose
BOREAL HARDWOOD TRANSITION;0.987855161749637;0.479422647627468;1.66719285021361;Canada Goose
LOWER GREAT LAKES/ ST. LAWRENCE PLAIN;1.48671997463279;0.926166352976409;2.28006185384915;Mute Swan
BOREAL HARDWOOD TRANSITION;2.51996025876114;0.493345844524098;6.26630925449766;Mute Swan
NA;NA;NA;NA;NA
NA;NA;NA;NA;NA
BOREAL HARDWOOD TRANSITION;2.82961469771004;1.1495108637373;4.28985074702293;Trumpeter Swan
LOWER GREAT LAKES/ ST. LAWRENCE PLAIN;2.93276414085136;2.34257696264896;3.65772609599504;Trumpeter Swan
NA;NA;NA;NA;NA
NA;NA;NA;NA;NA
BOREAL SOFTWOOD SHIELD;-0.639100215361562;-2.253264373111;0.627290798365854;Wood Duck
BOREAL HARDWOOD TRANSITION;-0.0813055011789335;-0.948789071977078;1.22035643759097;Wood Duck
TAIGA SHIELD AND HUDSON PLAINS;0.288667220446711;-0.666117326531703;1.54796268289009;Wood Duck
LOWER GREAT LAKES/ ST. LAWRENCE PLAIN;0.405284986763278;-0.0871141635785411;0.865454163074952;Wood Duck
BOREAL HARDWOOD TRANSITION;-1.11391517701138;-3.55358423127167;0.935574007295481;Blue-winged Teal
LOWER GREAT LAKES/ ST. LAWRENCE PLAIN;1.25268049386677;0.194635342170162;2.0905354463802;Blue-winged Teal
BOREAL SOFTWOOD SHIELD;2.60551152420647;0.576744880187451;3.36525991474926;Blue-winged Teal
NA;NA;NA;NA;NA
LOWER GREAT LAKES/ ST. LAWRENCE PLAIN;-2.82744262761944;-3.53828917436229;-1.27335279202234;Gadwall
TAIGA SHIELD AND HUDSON PLAINS;0.326938065350671;-2.43326420461476;3.35773172600687;Gadwall
BOREAL SOFTWOOD SHIELD;0.387293827452076;-2.4098970533252;4.07123207829025;Gadwall
BOREAL HARDWOOD TRANSITION;1.82025206773367;-0.0363698150028594;3.5528366037218;Gadwall
LOWER GREAT LAKES/ ST. LAWRENCE PLAIN;-1.37991604900108;-2.75371545003919;-0.445396011799588;American Wigeon
NA;NA;NA;NA;NA
NA;NA;NA;NA;NA
NA;NA;NA;NA;NA
TAIGA SHIELD AND HUDSON PLAINS;-3.39134795213085;-4.39364915380472;-1.7879195818467;Mallard
LOWER GREAT LAKES/ ST. LAWRENCE PLAIN;-2.09635214132166;-2.66477759520682;-1.56665975332846;Mallard
BOREAL HARDWOOD TRANSITION;-1.40319740727736;-2.14052539503588;-0.661354894407421;Mallard
BOREAL SOFTWOOD SHIELD;-1.23690738285518;-1.76998190957863;-0.597503603801034;Mallard
LOWER GREAT LAKES/ ST. LAWRENCE PLAIN;-5.21772877452135;-5.90000999489082;-4.71134312892462;American Black Duck
BOREAL HARDWOOD TRANSITION;-5.13206281114293;-5.94897731440478;-3.98043188014854;American Black Duck
NA;NA;NA;NA;NA
NA;NA;NA;NA;NA
LOWER GREAT LAKES/ ST. LAWRENCE PLAIN;1.0310954447115;-0.478507830502293;2.97229559326841;Northern Pintail
NA;NA;NA;NA;NA
NA;NA;NA;NA;NA
NA;NA;NA;NA;NA
LOWER GREAT LAKES/ ST. LAWRENCE PLAIN;-1.86250817603151;-2.83547059347496;-0.522700429304421;Green-winged Teal
NA;NA;NA;NA;NA
NA;NA;NA;NA;NA
NA;NA;NA;NA;NA
BOREAL HARDWOOD TRANSITION;-3.92831277578938;-5.77037613812105;-2.02520167508176;Ring-necked Duck
LOWER GREAT LAKES/ ST. LAWRENCE PLAIN;-1.85416300852381;-2.82546036294023;-0.261911166581537;Ring-necked Duck
NA;NA;NA;NA;NA
NA;NA;NA;NA;NA
LOWER GREAT LAKES/ ST. LAWRENCE PLAIN;-2.3501066808812;-2.73856171009705;-1.69050653900521;Lesser Scaup
NA;NA;NA;NA;NA
NA;NA;NA;NA;NA
NA;NA;NA;NA;NA
BOREAL HARDWOOD TRANSITION;-3.29047707595778;-4.56700261729165;-1.28973949936135;Bufflehead
LOWER GREAT LAKES/ ST. LAWRENCE PLAIN;-2.38780904264397;-2.85976948941487;-1.70372169503324;Bufflehead
NA;NA;NA;NA;NA
NA;NA;NA;NA;NA
BOREAL HARDWOOD TRANSITION;-2.59285181259069;-3.75689347255436;-1.96742490815023;Common Goldeneye
BOREAL SOFTWOOD SHIELD;-1.46774730529215;-2.42244190830241;-0.54685248469406;Common Goldeneye
LOWER GREAT LAKES/ ST. LAWRENCE PLAIN;-1.30758268570372;-2.07576782410398;-0.712829950828361;Common Goldeneye
NA;NA;NA;NA;NA
BOREAL HARDWOOD TRANSITION;-3.24959415427245;-4.58009797146158;-2.23669185181448;Hooded Merganser
LOWER GREAT LAKES/ ST. LAWRENCE PLAIN;-1.05144099357909;-1.74180850105156;-0.224944143624155;Hooded Merganser
NA;NA;NA;NA;NA
NA;NA;NA;NA;NA
BOREAL HARDWOOD TRANSITION;-2.86041718941331;-4.19446987698853;-2.13086137569434;Common Merganser
LOWER GREAT LAKES/ ST. LAWRENCE PLAIN;-2.43884373197653;-3.06300658225847;-1.76783225814052;Common Merganser
NA;NA;NA;NA;NA
NA;NA;NA;NA;NA
LOWER GREAT LAKES/ ST. LAWRENCE PLAIN;-1.11636312851481;-1.94804827716387;-0.215897185952105;Red-breasted Merganser
BOREAL HARDWOOD TRANSITION;-0.579765410292832;-2.15321128232115;0.548928731555692;Red-breasted Merganser
BOREAL SOFTWOOD SHIELD;-0.00519608979569241;-1.55746253659915;1.07576732903636;Red-breasted Merganser
NA;NA;NA;NA;NA
NA;NA;NA;NA;NA
NA;NA;NA;NA;NA
NA;NA;NA;NA;NA
NA;NA;NA;NA;NA
LOWER GREAT LAKES/ ST. LAWRENCE PLAIN;1.02791061404936;0.533218951735122;2.09299276536278;Wild Turkey
BOREAL HARDWOOD TRANSITION;2.38350889338883;1.14779460832936;4.18499909697717;Wild Turkey
BOREAL SOFTWOOD SHIELD;4.60687471270813;0.808332228847819;6.76128099310251;Wild Turkey
NA;NA;NA;NA;NA
LOWER GREAT LAKES/ ST. LAWRENCE PLAIN;-0.880950831093052;-2.17859725997432;0.38005109234831;Ruffed Grouse
TAIGA SHIELD AND HUDSON PLAINS;0.290695074001293;-0.800254815381885;1.42511301604659;Ruffed Grouse
BOREAL HARDWOOD TRANSITION;1.11671242939156;0.199119981689089;1.9748116865624;Ruffed Grouse
BOREAL SOFTWOOD SHIELD;1.36156979223587;0.811022817972291;2.31254060202377;Ruffed Grouse
TAIGA SHIELD AND HUDSON PLAINS;-6.35392211850698;-7.18231981696843;-4.29605650312557;Spruce Grouse
BOREAL SOFTWOOD SHIELD;-2.43892805606775;-3.35105033572791;-2.27474144374417;Spruce Grouse
BOREAL HARDWOOD TRANSITION;-1.96819139139619;-3.20849650848291;-0.733301833037497;Spruce Grouse
NA;NA;NA;NA;NA
LOWER GREAT LAKES/ ST. LAWRENCE PLAIN;0.420652305433913;-4.20225750848215;3.48367869527977;Sharp-tailed Grouse
BOREAL HARDWOOD TRANSITION;0.514635947434489;-2.75784149213154;3.77958985234342;Sharp-tailed Grouse
TAIGA SHIELD AND HUDSON PLAINS;2.66949255400147;-0.563639006301365;6.78619527038056;Sharp-tailed Grouse
BOREAL SOFTWOOD SHIELD;4.72453747511249;1.40125214665027;6.68025114136108;Sharp-tailed Grouse
LOWER GREAT LAKES/ ST. LAWRENCE PLAIN;-18.1162721066272;-27.3441164499848;-13.5720391581044;Gray Partridge
NA;NA;NA;NA;NA
NA;NA;NA;NA;NA
NA;NA;NA;NA;NA
LOWER GREAT LAKES/ ST. LAWRENCE PLAIN;-3.61013073865018;-5.02090274961767;-2.16636997793356;Ring-necked Pheasant
NA;NA;NA;NA;NA
NA;NA;NA;NA;NA
NA;NA;NA;NA;NA
LOWER GREAT LAKES/ ST. LAWRENCE PLAIN;-1.40717002082107;-2.22726138506927;-0.76517258308195;Pied-billed Grebe
BOREAL SOFTWOOD SHIELD;-1.02906478733283;-3.44401156782019;0.442160907722384;Pied-billed Grebe
BOREAL HARDWOOD TRANSITION;0.195669826327281;-1.00109970601737;0.917937019805935;Pied-billed Grebe
NA;NA;NA;NA;NA
BOREAL HARDWOOD TRANSITION;-8.24700591788515;-10.9173112403649;-5.70245191273769;Red-necked Grebe
BOREAL SOFTWOOD SHIELD;-5.22584320453386;-7.7087194627645;-2.1915140333483;Red-necked Grebe
LOWER GREAT LAKES/ ST. LAWRENCE PLAIN;-3.84208827005937;-5.48815715311192;-2.10263506855848;Red-necked Grebe
NA;NA;NA;NA;NA
LOWER GREAT LAKES/ ST. LAWRENCE PLAIN;-3.37619564614127;-4.08840902592554;-2.3493315870166;Rock Pigeon
BOREAL HARDWOOD TRANSITION;-1.75140480292441;-2.69044331867388;-0.446340030255303;Rock Pigeon
BOREAL SOFTWOOD SHIELD;-1.39356772391641;-2.2717451286818;0.87666553624242;Rock Pigeon
NA;NA;NA;NA;NA
BOREAL SOFTWOOD SHIELD;-1.81374108344355;-2.60835346382385;-0.918305900373905;Mourning Dove
BOREAL HARDWOOD TRANSITION;-1.11901492790194;-1.60509438855308;-0.519090955116214;Mourning Dove
TAIGA SHIELD AND HUDSON PLAINS;-0.536449834761925;-2.19900144650699;0.154589592213714;Mourning Dove
LOWER GREAT LAKES/ ST. LAWRENCE PLAIN;-0.369664377309106;-0.707003690373863;0.0931587976257435;Mourning Dove
LOWER GREAT LAKES/ ST. LAWRENCE PLAIN;2.74025436958313;1.84533389540978;3.73646315566699;Yellow-billed Cuckoo
BOREAL HARDWOOD TRANSITION;2.82522386982653;1.49295615608963;3.61863678540288;Yellow-billed Cuckoo
NA;NA;NA;NA;NA
NA;NA;NA;NA;NA
LOWER GREAT LAKES/ ST. LAWRENCE PLAIN;-3.98172344676861;-4.89946478971554;-2.7116853087895;Black-billed Cuckoo
TAIGA SHIELD AND HUDSON PLAINS;-2.34897335667726;-3.36967352130083;0.353301764900119;Black-billed Cuckoo
BOREAL HARDWOOD TRANSITION;2.31350429714754;0.962348075233078;3.34188184757029;Black-billed Cuckoo
BOREAL SOFTWOOD SHIELD;2.94516278605607;1.52968483623812;5.20033210888078;Black-billed Cuckoo
LOWER GREAT LAKES/ ST. LAWRENCE PLAIN;-1.9956706578465;-3.19113672467768;-1.1167072542906;Common Nighthawk
BOREAL HARDWOOD TRANSITION;-1.34339068273738;-3.59755676853525;0.00793461974374199;Common Nighthawk
BOREAL SOFTWOOD SHIELD;0.740535621435185;-0.482679707549407;1.99810441710659;Common Nighthawk
TAIGA SHIELD AND HUDSON PLAINS;0.964941899679379;-0.857341389474689;2.83033513606625;Common Nighthawk
LOWER GREAT LAKES/ ST. LAWRENCE PLAIN;-6.54071109135945;-8.07722366422617;-5.33008917992354;Eastern Whip-poor-will
BOREAL HARDWOOD TRANSITION;-3.93978944635772;-4.66872835989256;-2.86589892036179;Eastern Whip-poor-will
BOREAL SOFTWOOD SHIELD;-2.72950418413678;-5.13725647543347;-2.10714592248623;Eastern Whip-poor-will
NA;NA;NA;NA;NA
LOWER GREAT LAKES/ ST. LAWRENCE PLAIN;-1.73561717793269;-2.40972383787581;-1.12153252883743;Chimney Swift
BOREAL HARDWOOD TRANSITION;-0.645282728981669;-2.46918617033643;2.45583062979641;Chimney Swift
BOREAL SOFTWOOD SHIELD;0.523363444730754;-1.7576681936839;2.38893763071613;Chimney Swift
NA;NA;NA;NA;NA
BOREAL SOFTWOOD SHIELD;0.195210337036613;-0.0958200270554154;1.52342633715718;Ruby-throated Hummingbird
BOREAL HARDWOOD TRANSITION;1.86849353390792;1.07945015954183;2.24289057506256;Ruby-throated Hummingbird
LOWER GREAT LAKES/ ST. LAWRENCE PLAIN;2.05245596613873;1.82564524832231;2.5146385507479;Ruby-throated Hummingbird
NA;NA;NA;NA;NA
LOWER GREAT LAKES/ ST. LAWRENCE PLAIN;-1.32581903773014;-3.03818967870386;-0.679068500517559;Virginia Rail
TAIGA SHIELD AND HUDSON PLAINS;-0.359113804066361;-2.15227910177698;0.377579065360462;Virginia Rail
BOREAL SOFTWOOD SHIELD;0.328059130894511;-1.00340344233689;1.45913154854932;Virginia Rail
BOREAL HARDWOOD TRANSITION;1.41254243763229;-1.25634061562977;3.76245646776332;Virginia Rail
LOWER GREAT LAKES/ ST. LAWRENCE PLAIN;-2.3465398897928;-3.36318702842897;-1.46997928391595;Sora
BOREAL HARDWOOD TRANSITION;-1.65102175228767;-2.21430196737821;-0.423169040538746;Sora
TAIGA SHIELD AND HUDSON PLAINS;-0.663321032069286;-1.62366344191957;0.951884232234429;Sora
BOREAL SOFTWOOD SHIELD;3.61867340995717;2.07713234779679;5.02090017796372;Sora
LOWER GREAT LAKES/ ST. LAWRENCE PLAIN;-0.872387500361064;-2.35922693965535;-0.321125219233295;Common Gallinule
BOREAL HARDWOOD TRANSITION;0.0496829591670177;-1.76625377652915;0.849828541871369;Common Gallinule
NA;NA;NA;NA;NA
NA;NA;NA;NA;NA
LOWER GREAT LAKES/ ST. LAWRENCE PLAIN;-5.13913124127542;-7.08604885172624;-3.92351386096972;American Coot
BOREAL HARDWOOD TRANSITION;-4.74302127911416;-5.73783390889593;-3.64104236451649;American Coot
BOREAL SOFTWOOD SHIELD;-4.15630518226092;-6.85654366673408;-2.4532624720001;American Coot
NA;NA;NA;NA;NA
LOWER GREAT LAKES/ ST. LAWRENCE PLAIN;2.63802859090347;0.925652459224002;4.1364017770818;Sandhill Crane
NA;NA;NA;NA;NA
NA;NA;NA;NA;NA
NA;NA;NA;NA;NA
LOWER GREAT LAKES/ ST. LAWRENCE PLAIN;-0.931203364776652;-1.39982467600207;-0.213643529736437;Killdeer
BOREAL HARDWOOD TRANSITION;-0.768224783455701;-1.84022102911383;0.238529054693265;Killdeer
TAIGA SHIELD AND HUDSON PLAINS;-0.249185399141969;-2.20744121445978;1.90865201339344;Killdeer
BOREAL SOFTWOOD SHIELD;0.632533179287338;-1.01691826223737;1.92071816829408;Killdeer
BOREAL HARDWOOD TRANSITION;-9.71836953483229;-11.1488784652357;-8.23221670708285;Upland Sandpiper
LOWER GREAT LAKES/ ST. LAWRENCE PLAIN;-8.87679005887652;-10.6287911294974;-7.24726100637449;Upland Sandpiper
NA;NA;NA;NA;NA
NA;NA;NA;NA;NA
LOWER GREAT LAKES/ ST. LAWRENCE PLAIN;-6.29677505284934;-7.44425681311093;-4.8181286712302;Wilson's Snipe
BOREAL HARDWOOD TRANSITION;-0.619223408050327;-1.21859133173724;-0.0466031661305694;Wilson's Snipe
BOREAL SOFTWOOD SHIELD;1.01600005917556;0.625112131103269;2.06342442352397;Wilson's Snipe
TAIGA SHIELD AND HUDSON PLAINS;2.57091830820763;1.56737909948332;4.32321179695706;Wilson's Snipe
LOWER GREAT LAKES/ ST. LAWRENCE PLAIN;-2.45718612933198;-3.47480346026436;-1.97558087209172;Spotted Sandpiper
TAIGA SHIELD AND HUDSON PLAINS;0.355202876711148;-2.45056185395322;2.91970519331725;Spotted Sandpiper
BOREAL HARDWOOD TRANSITION;1.00613859934601;-0.212590944527505;2.04380177335571;Spotted Sandpiper
BOREAL SOFTWOOD SHIELD;1.28004182396638;-1.48206914281836;1.7092300598444;Spotted Sandpiper
BOREAL HARDWOOD TRANSITION;3.20446437795128;1.26189939303125;5.0346403577945;Greater Yellowlegs
BOREAL SOFTWOOD SHIELD;3.5348663906376;2.00959886996333;4.96724248774715;Greater Yellowlegs
TAIGA SHIELD AND HUDSON PLAINS;6.01051600216614;3.38829676530778;7.16168767130156;Greater Yellowlegs
NA;NA;NA;NA;NA
LOWER GREAT LAKES/ ST. LAWRENCE PLAIN;-3.52189840751832;-6.12358898447479;-1.01838357169258;Bonaparte's Gull
NA;NA;NA;NA;NA
NA;NA;NA;NA;NA
NA;NA;NA;NA;NA
BOREAL HARDWOOD TRANSITION;-4.94458815643495;-6.11229227218672;-3.62247684451072;Ring-billed Gull
LOWER GREAT LAKES/ ST. LAWRENCE PLAIN;-4.38765326459715;-5.0429392508746;-3.74230089275174;Ring-billed Gull
NA;NA;NA;NA;NA
NA;NA;NA;NA;NA
BOREAL HARDWOOD TRANSITION;-4.7244455778374;-5.45210546455326;-3.76932055096496;Herring Gull
BOREAL SOFTWOOD SHIELD;-4.07675820312782;-5.6081873883421;-2.91453646441637;Herring Gull
LOWER GREAT LAKES/ ST. LAWRENCE PLAIN;-3.80588442842966;-4.56091044058243;-3.05356191536712;Herring Gull
TAIGA SHIELD AND HUDSON PLAINS;-2.35070498370813;-3.43302251639822;-1.68875344066329;Herring Gull
BOREAL HARDWOOD TRANSITION;-3.31811260627974;-4.52631592134054;-2.58397308243143;Caspian Tern
LOWER GREAT LAKES/ ST. LAWRENCE PLAIN;-2.98714992928634;-3.51070341910359;-2.46519747128035;Caspian Tern
TAIGA SHIELD AND HUDSON PLAINS;-1.93512827520413;-2.53796448940465;-1.23674344451039;Caspian Tern
BOREAL SOFTWOOD SHIELD;-1.79090196277219;-3.12468517434492;-1.19295119808397;Caspian Tern
BOREAL HARDWOOD TRANSITION;-8.1936967767625;-10.9586218633766;-7.10556678803806;Black Tern
BOREAL SOFTWOOD SHIELD;-6.06083374169237;-7.4985557946789;-4.81354706098575;Black Tern
TAIGA SHIELD AND HUDSON PLAINS;-4.15709218201928;-5.21141849857058;-3.15114445368435;Black Tern
LOWER GREAT LAKES/ ST. LAWRENCE PLAIN;-4.11798298439904;-5.26252072482791;-3.01977561995397;Black Tern
LOWER GREAT LAKES/ ST. LAWRENCE PLAIN;-3.46699364497777;-4.61956571899174;-1.69755187799086;Forster's Tern
BOREAL HARDWOOD TRANSITION;0.339021706497264;-1.09348653367352;0.999503220573983;Forster's Tern
BOREAL SOFTWOOD SHIELD;1.84446774538677;1.15862382438055;3.24062296951795;Forster's Tern
NA;NA;NA;NA;NA
LOWER GREAT LAKES/ ST. LAWRENCE PLAIN;-3.1455185843564;-4.1193555489602;-1.20052436461424;Common Loon
NA;NA;NA;NA;NA
NA;NA;NA;NA;NA
NA;NA;NA;NA;NA
TAIGA SHIELD AND HUDSON PLAINS;-2.35987997291533;-3.44763896791335;-1.35496288222597;Double-crested Cormorant
BOREAL HARDWOOD TRANSITION;-1.77905811721806;-2.93852719552702;-0.693132843584323;Double-crested Cormorant
BOREAL SOFTWOOD SHIELD;-1.51615517744598;-3.21222896635345;-0.631720376330572;Double-crested Cormorant
LOWER GREAT LAKES/ ST. LAWRENCE PLAIN;-0.115852394155676;-0.851994209071657;0.590054611612009;Double-crested Cormorant
TAIGA SHIELD AND HUDSON PLAINS;0.1017944786429;-1.96054330181032;1.68298988525537;American White Pelican
BOREAL HARDWOOD TRANSITION;0.33407462332472;-1.10918955312156;2.10249840633479;American White Pelican
BOREAL SOFTWOOD SHIELD;0.836110014470393;-0.610367380155456;1.52908792485845;American White Pelican
LOWER GREAT LAKES/ ST. LAWRENCE PLAIN;1.9919496226294;0.223705064659886;3.528316830712;American White Pelican
TAIGA SHIELD AND HUDSON PLAINS;-6.61675556408139;-9.8124509924633;-2.89701156920974;American Bittern
LOWER GREAT LAKES/ ST. LAWRENCE PLAIN;-4.29492584251326;-5.00028970836673;-2.88676729133954;American Bittern
BOREAL HARDWOOD TRANSITION;-2.59843192499651;-3.47914151931104;-1.96118242642939;American Bittern
BOREAL SOFTWOOD SHIELD;-1.91510541895758;-2.94194077693566;-0.828532599617164;American Bittern
LOWER GREAT LAKES/ ST. LAWRENCE PLAIN;-1.04070990983155;-3.18852782972316;-0.134924564057902;Least Bittern
BOREAL HARDWOOD TRANSITION;0.138819807239941;-1.45288795706505;3.35429433003587;Least Bittern
NA;NA;NA;NA;NA
NA;NA;NA;NA;NA
TAIGA SHIELD AND HUDSON PLAINS;-1.93397053570447;-2.93066106634426;-1.44562644771213;Great Blue Heron
BOREAL HARDWOOD TRANSITION;-1.26132380163399;-2.39017109056243;-0.625639917631376;Great Blue Heron
LOWER GREAT LAKES/ ST. LAWRENCE PLAIN;-1.24491934014186;-1.69853682205808;-0.862125429704981;Great Blue Heron
BOREAL SOFTWOOD SHIELD;-1.006955789546;-2.40666234728323;0.15920896691259;Great Blue Heron
BOREAL HARDWOOD TRANSITION;-1.31160676792225;-2.4302233709581;1.41767308542958;Great Egret
BOREAL SOFTWOOD SHIELD;-1.25640374328464;-4.27979961650112;0.365675633478123;Great Egret
LOWER GREAT LAKES/ ST. LAWRENCE PLAIN;-0.748733065163746;-1.52482040423876;0.240626157404725;Great Egret
NA;NA;NA;NA;NA
LOWER GREAT LAKES/ ST. LAWRENCE PLAIN;-0.849699188735131;-1.57076373084417;0.100976473973518;Green Heron
BOREAL HARDWOOD TRANSITION;-0.147311159864985;-2.51918547487269;1.2245131474084;Green Heron
NA;NA;NA;NA;NA
NA;NA;NA;NA;NA
BOREAL SOFTWOOD SHIELD;0.932970480443553;0.220002032610256;2.13426241122837;Turkey Vulture
LOWER GREAT LAKES/ ST. LAWRENCE PLAIN;1.84151516620013;1.35699989877914;2.4698593246648;Turkey Vulture
BOREAL HARDWOOD TRANSITION;1.94791684100611;0.674479894213081;2.49465227896458;Turkey Vulture
TAIGA SHIELD AND HUDSON PLAINS;2.20809527760912;1.80688334569048;2.67210497419758;Turkey Vulture
BOREAL SOFTWOOD SHIELD;-2.43087884208496;-3.20338508469903;-0.672011933616958;Osprey
TAIGA SHIELD AND HUDSON PLAINS;-1.58381137410864;-2.24779773381647;0.230743301491661;Osprey
BOREAL HARDWOOD TRANSITION;-1.10076642788676;-2.5316411295201;-0.203066245319008;Osprey
LOWER GREAT LAKES/ ST. LAWRENCE PLAIN;0.393281824762039;-0.915191097643158;0.952541904732645;Osprey
TAIGA SHIELD AND HUDSON PLAINS;-7.5325135801147;-9.69517012574478;-3.96299620144498;Northern Harrier
BOREAL HARDWOOD TRANSITION;-3.29346699656083;-5.27003168430581;-2.61027363857996;Northern Harrier
LOWER GREAT LAKES/ ST. LAWRENCE PLAIN;-2.69318259434749;-3.98750902704616;-2.24555700940084;Northern Harrier
BOREAL SOFTWOOD SHIELD;-2.63161725450523;-4.06620469869458;-1.68579426731591;Northern Harrier
LOWER GREAT LAKES/ ST. LAWRENCE PLAIN;-8.74010859034472;-9.73188095179139;-6.88362800104273;Sharp-shinned Hawk
TAIGA SHIELD AND HUDSON PLAINS;-7.61913572283252;-11.2322434790844;-1.29539702325559;Sharp-shinned Hawk
BOREAL HARDWOOD TRANSITION;-5.57898191825082;-7.70974939500477;-2.72902786278445;Sharp-shinned Hawk
BOREAL SOFTWOOD SHIELD;-4.31097471694756;-8.12888901969702;-1.55047993976712;Sharp-shinned Hawk
LOWER GREAT LAKES/ ST. LAWRENCE PLAIN;-0.696636678458887;-1.13020562467908;0.856913517023087;Cooper's Hawk
BOREAL HARDWOOD TRANSITION;0.0134361214221996;-3.50618796264405;0.973920438534933;Cooper's Hawk
NA;NA;NA;NA;NA
NA;NA;NA;NA;NA
TAIGA SHIELD AND HUDSON PLAINS;0.715957378888674;-2.25645471125774;3.13944802043577;Bald Eagle
BOREAL SOFTWOOD SHIELD;1.2932859368577;0.358370330442271;2.5714685314723;Bald Eagle
BOREAL HARDWOOD TRANSITION;2.2207337048792;1.105898286852;3.42601131942478;Bald Eagle
LOWER GREAT LAKES/ ST. LAWRENCE PLAIN;3.30991663865521;2.94234135395217;4.2980965150035;Bald Eagle
BOREAL HARDWOOD TRANSITION;4.13782713261871;0.450902814697467;6.29854969721926;Red-shouldered Hawk
LOWER GREAT LAKES/ ST. LAWRENCE PLAIN;4.38123193958226;0.398654438426279;6.00378196858272;Red-shouldered Hawk
NA;NA;NA;NA;NA
NA;NA;NA;NA;NA
TAIGA SHIELD AND HUDSON PLAINS;0.349386167247373;-1.90278295354753;1.81254168277091;Broad-winged Hawk
BOREAL SOFTWOOD SHIELD;2.50086082800221;1.52763751776257;3.54608674477403;Broad-winged Hawk
LOWER GREAT LAKES/ ST. LAWRENCE PLAIN;3.26849457330556;1.79544547999471;4.30804166659849;Broad-winged Hawk
BOREAL HARDWOOD TRANSITION;3.33689143708531;2.56633589204164;4.72735735932815;Broad-winged Hawk
BOREAL HARDWOOD TRANSITION;-2.41106739793357;-4.77115937881532;-1.0256539589232;Eastern Screech-Owl
LOWER GREAT LAKES/ ST. LAWRENCE PLAIN;2.4301150095759;-0.00418269152828425;5.27305673046667;Eastern Screech-Owl
NA;NA;NA;NA;NA
NA;NA;NA;NA;NA
BOREAL SOFTWOOD SHIELD;-1.42808900616179;-3.01646980096894;3.97555256966968;Great Horned Owl
BOREAL HARDWOOD TRANSITION;-0.746543858852357;-3.65650665945253;2.81359713507178;Great Horned Owl
LOWER GREAT LAKES/ ST. LAWRENCE PLAIN;-0.391756026495391;-1.51284577170241;0.83065553033825;Great Horned Owl
TAIGA SHIELD AND HUDSON PLAINS;0.0372566324581503;-3.5127310866676;2.32851298941276;Great Horned Owl
BOREAL SOFTWOOD SHIELD;0.853155047168544;-1.31852171080149;1.40031100808172;Barred Owl
BOREAL HARDWOOD TRANSITION;1.43149644889969;-2.25922210213327;2.26706994056747;Barred Owl
TAIGA SHIELD AND HUDSON PLAINS;1.76740449551767;0.0219529866132341;2.95585851805408;Barred Owl
LOWER GREAT LAKES/ ST. LAWRENCE PLAIN;1.80092944175177;0.439096230516625;2.82739698623108;Barred Owl
BOREAL HARDWOOD TRANSITION;-0.663851645244783;-2.19154527611514;0.0519879844027443;Belted Kingfisher
TAIGA SHIELD AND HUDSON PLAINS;-0.340691089453275;-4.60176568096818;0.794160431964037;Belted Kingfisher
BOREAL SOFTWOOD SHIELD;-0.264326572463255;-2.44545628715295;1.54866737827789;Belted Kingfisher
LOWER GREAT LAKES/ ST. LAWRENCE PLAIN;0.159471620815216;-1.30644801507653;0.548695308662639;Belted Kingfisher
BOREAL HARDWOOD TRANSITION;2.5476510198054;1.69374304909442;4.34545400431032;Red-headed Woodpecker
LOWER GREAT LAKES/ ST. LAWRENCE PLAIN;6.26699572616302;4.50144127584967;7.41789183833547;Red-headed Woodpecker
NA;NA;NA;NA;NA
NA;NA;NA;NA;NA
LOWER GREAT LAKES/ ST. LAWRENCE PLAIN;4.36255005367334;3.29944538589835;4.83075126132294;Red-bellied Woodpecker
BOREAL SOFTWOOD SHIELD;5.18288693105721;2.99727336199999;7.83947784770323;Red-bellied Woodpecker
BOREAL HARDWOOD TRANSITION;6.58985494191654;4.77101576595748;8.34774634402799;Red-bellied Woodpecker
NA;NA;NA;NA;NA
BOREAL SOFTWOOD SHIELD;-2.27154265440303;-3.3273557901571;-1.05418673589427;Yellow-bellied Sapsucker
BOREAL HARDWOOD TRANSITION;-1.83030750596475;-2.60587748984695;-0.691227546759296;Yellow-bellied Sapsucker
LOWER GREAT LAKES/ ST. LAWRENCE PLAIN;0.387612128470253;-0.0879128716780048;0.96739912709192;Yellow-bellied Sapsucker
TAIGA SHIELD AND HUDSON PLAINS;0.828562021251401;-0.568533419146799;2.26733855549025;Yellow-bellied Sapsucker
BOREAL HARDWOOD TRANSITION;-2.28344673933835;-3.01194925107054;-2.12120592892606;Black-backed Woodpecker
TAIGA SHIELD AND HUDSON PLAINS;-0.713973231096022;-1.69744579256536;-0.147536670334511;Black-backed Woodpecker
BOREAL SOFTWOOD SHIELD;-0.200672404675659;-0.754832252687435;0.678131053080437;Black-backed Woodpecker
NA;NA;NA;NA;NA
TAIGA SHIELD AND HUDSON PLAINS;1.24377557270407;0.720779440641468;2.02697083208593;Downy Woodpecker
BOREAL HARDWOOD TRANSITION;1.36984015213223;0.861776253224962;2.36864256857489;Downy Woodpecker
LOWER GREAT LAKES/ ST. LAWRENCE PLAIN;1.78395518853826;1.30866912213776;1.9986521473049;Downy Woodpecker
BOREAL SOFTWOOD SHIELD;1.87051439705346;1.32390669736397;2.5263752332403;Downy Woodpecker
BOREAL SOFTWOOD SHIELD;0.829790021012757;-0.0799225377747943;1.59075451315645;Hairy Woodpecker
BOREAL HARDWOOD TRANSITION;1.13819797575469;0.318234812749916;1.83442811910273;Hairy Woodpecker
TAIGA SHIELD AND HUDSON PLAINS;1.26275375776158;0.463432217559314;2.65450313599157;Hairy Woodpecker
LOWER GREAT LAKES/ ST. LAWRENCE PLAIN;2.09990727397674;1.60842874868029;3.2402637414505;Hairy Woodpecker
BOREAL HARDWOOD TRANSITION;0.256652471173861;-0.416289499081787;0.966454837073273;Pileated Woodpecker
BOREAL SOFTWOOD SHIELD;0.471859873405356;-0.342471144079409;1.27140043810403;Pileated Woodpecker
TAIGA SHIELD AND HUDSON PLAINS;1.35774077565215;0.177970954495331;2.202293417897;Pileated Woodpecker
LOWER GREAT LAKES/ ST. LAWRENCE PLAIN;1.43420196915813;0.923075101480464;2.59826820015019;Pileated Woodpecker
BOREAL HARDWOOD TRANSITION;-3.00434731485499;-3.74974282477893;0.483045720757174;American Kestrel
BOREAL SOFTWOOD SHIELD;-2.70366072543962;-4.67981076743114;-0.550195745857865;American Kestrel
LOWER GREAT LAKES/ ST. LAWRENCE PLAIN;-1.91608530966685;-2.4951672436128;-0.651565130879754;American Kestrel
TAIGA SHIELD AND HUDSON PLAINS;0.0523453939327362;-3.01460757752027;0.840608592062722;American Kestrel
BOREAL HARDWOOD TRANSITION;-1.38005512146265;-2.03378795302822;-0.210533136193807;Merlin
BOREAL SOFTWOOD SHIELD;1.14908657688758;-0.3354936505101;2.18036621126293;Merlin
TAIGA SHIELD AND HUDSON PLAINS;1.73555236540133;-1.18816860820885;3.65337219254949;Merlin
LOWER GREAT LAKES/ ST. LAWRENCE PLAIN;2.03934722934133;0.492262323514184;2.89177456788693;Merlin
BOREAL HARDWOOD TRANSITION;0.307375133022019;-0.74137253908046;1.0201345927404;Great Crested Flycatcher
LOWER GREAT LAKES/ ST. LAWRENCE PLAIN;1.51987822350333;0.90978187257477;2.39744215017542;Great Crested Flycatcher
BOREAL SOFTWOOD SHIELD;1.99518788236987;-0.0815619506114461;4.24023830360542;Great Crested Flycatcher
NA;NA;NA;NA;NA
TAIGA SHIELD AND HUDSON PLAINS;-0.612399831187948;-1.15928694426982;0.177797418168373;Eastern Kingbird
LOWER GREAT LAKES/ ST. LAWRENCE PLAIN;-0.390810549466915;-0.859971301270233;-0.109972058729003;Eastern Kingbird
BOREAL SOFTWOOD SHIELD;0.394419666053509;-1.26221030388421;1.56407267137617;Eastern Kingbird
BOREAL HARDWOOD TRANSITION;0.757545336971141;-0.406029726257764;1.82033637230559;Eastern Kingbird
BOREAL HARDWOOD TRANSITION;-1.78784875979314;-3.61872902070586;-0.806636239186107;Olive-sided Flycatcher
LOWER GREAT LAKES/ ST. LAWRENCE PLAIN;-0.436571938263065;-2.14007164012953;0.479467648808284;Olive-sided Flycatcher
BOREAL SOFTWOOD SHIELD;0.641503339977677;-0.236605124877918;2.60214944073901;Olive-sided Flycatcher
TAIGA SHIELD AND HUDSON PLAINS;4.3037602372474;2.04465314110393;6.81625185814418;Olive-sided Flycatcher
BOREAL SOFTWOOD SHIELD;1.32683053139232;-1.03112550656194;3.33418936365368;Eastern Wood-Pewee
LOWER GREAT LAKES/ ST. LAWRENCE PLAIN;1.43077178137331;1.19898782772398;1.79097885298642;Eastern Wood-Pewee
BOREAL HARDWOOD TRANSITION;1.65964038110406;0.607017614090329;2.37859040654892;Eastern Wood-Pewee
NA;NA;NA;NA;NA
NA;NA;NA;NA;NA
NA;NA;NA;NA;NA
NA;NA;NA;NA;NA
NA;NA;NA;NA;NA
LOWER GREAT LAKES/ ST. LAWRENCE PLAIN;-2.88880542986139;-3.96436822327333;-2.01322021099566;Alder Flycatcher
BOREAL HARDWOOD TRANSITION;-0.89447237760461;-1.38253952507174;-0.23763287615363;Alder Flycatcher
BOREAL SOFTWOOD SHIELD;-0.491956315399978;-1.08153144139463;0.432858811075784;Alder Flycatcher
TAIGA SHIELD AND HUDSON PLAINS;1.31032971363162;-0.476512669469182;2.30841553126581;Alder Flycatcher
BOREAL HARDWOOD TRANSITION;-4.16187917077922;-6.13422433870511;-2.91913928886406;Willow Flycatcher
LOWER GREAT LAKES/ ST. LAWRENCE PLAIN;-1.11298894726565;-1.40016489103005;-0.293994455665585;Willow Flycatcher
NA;NA;NA;NA;NA
NA;NA;NA;NA;NA
LOWER GREAT LAKES/ ST. LAWRENCE PLAIN;-0.947871332509913;-1.80841686449952;-0.285888903181531;Least Flycatcher
BOREAL HARDWOOD TRANSITION;0.312209189382861;-0.078641410505463;0.806042981898035;Least Flycatcher
BOREAL SOFTWOOD SHIELD;0.875233680083997;0.238992456922908;1.32215532378106;Least Flycatcher
TAIGA SHIELD AND HUDSON PLAINS;2.02754526402707;0.316638592151399;3.93157535945562;Least Flycatcher
BOREAL SOFTWOOD SHIELD;-1.99757167558616;-3.03446502201939;-0.423302912010404;Eastern Phoebe
BOREAL HARDWOOD TRANSITION;-0.431166744789932;-0.771570481911988;0.463038585840522;Eastern Phoebe
LOWER GREAT LAKES/ ST. LAWRENCE PLAIN;-0.0472508520210758;-0.734925203403398;0.602820107321266;Eastern Phoebe
NA;NA;NA;NA;NA
BOREAL HARDWOOD TRANSITION;-0.384274289925661;-1.4601892521051;0.500196370093581;Yellow-throated Vireo
LOWER GREAT LAKES/ ST. LAWRENCE PLAIN;0.132355048457787;-0.619554325801171;0.981364980449716;Yellow-throated Vireo
NA;NA;NA;NA;NA
NA;NA;NA;NA;NA
BOREAL SOFTWOOD SHIELD;1.25465810287467;0.384075908553712;2.58930714849575;Blue-headed Vireo
BOREAL HARDWOOD TRANSITION;1.31357063755067;0.733757564083367;1.73818477894714;Blue-headed Vireo
TAIGA SHIELD AND HUDSON PLAINS;1.32605550169695;-0.319596531322077;4.10469061864318;Blue-headed Vireo
LOWER GREAT LAKES/ ST. LAWRENCE PLAIN;2.25732097685334;1.42760719025778;2.91777534372502;Blue-headed Vireo
BOREAL HARDWOOD TRANSITION;-0.466930728127678;-1.87297710474335;0.620153148565828;Philadelphia Vireo
LOWER GREAT LAKES/ ST. LAWRENCE PLAIN;-0.167986075940594;-0.862516854048161;1.24571017276905;Philadelphia Vireo
BOREAL SOFTWOOD SHIELD;2.26185597967873;1.86192301954634;3.03490453107465;Philadelphia Vireo
TAIGA SHIELD AND HUDSON PLAINS;4.39346472311167;1.8842780280006;6.10064938772659;Philadelphia Vireo
BOREAL HARDWOOD TRANSITION;-0.210606972319124;-0.716244373614943;1.40187739535254;Warbling Vireo
BOREAL SOFTWOOD SHIELD;0.491386136338733;-0.795815805324276;2.83522717122348;Warbling Vireo
LOWER GREAT LAKES/ ST. LAWRENCE PLAIN;1.55199129716734;1.13922306384907;2.10255129526607;Warbling Vireo
NA;NA;NA;NA;NA
LOWER GREAT LAKES/ ST. LAWRENCE PLAIN;0.839635328596043;0.523435081507899;1.11106430668129;Red-eyed Vireo
BOREAL HARDWOOD TRANSITION;0.99766995106286;0.586071457311318;1.29755837282332;Red-eyed Vireo
TAIGA SHIELD AND HUDSON PLAINS;1.13142118398958;-0.182891808363625;2.26878564414253;Red-eyed Vireo
BOREAL SOFTWOOD SHIELD;1.98155195799976;1.41801571860825;2.48990108654492;Red-eyed Vireo
LOWER GREAT LAKES/ ST. LAWRENCE PLAIN;-1.27171175909001;-3.11165871749638;0.96105425283282;Loggerhead Shrike
NA;NA;NA;NA;NA
NA;NA;NA;NA;NA
NA;NA;NA;NA;NA
LOWER GREAT LAKES/ ST. LAWRENCE PLAIN;-2.9703512189084;-3.64649997257514;-2.21334474021055;Canada Jay
BOREAL HARDWOOD TRANSITION;-0.902877853458463;-1.58044625044836;-0.372051427585243;Canada Jay
BOREAL SOFTWOOD SHIELD;-0.64930003559561;-1.2582428366917;0.138114937798586;Canada Jay
TAIGA SHIELD AND HUDSON PLAINS;4.64074625038262;3.22724572582714;6.81089933319878;Canada Jay
LOWER GREAT LAKES/ ST. LAWRENCE PLAIN;1.49192354696813;1.29160973654604;1.68510860064464;Blue Jay
BOREAL HARDWOOD TRANSITION;1.59170222850882;0.94854753318974;2.1101414981558;Blue Jay
TAIGA SHIELD AND HUDSON PLAINS;2.02093492966603;1.26809324444315;3.12976909852804;Blue Jay
BOREAL SOFTWOOD SHIELD;2.11714772365253;1.54175083021944;2.67131519847012;Blue Jay
BOREAL HARDWOOD TRANSITION;1.08626890971684;-0.262118840675549;2.45732678105875;Black-billed Magpie
BOREAL SOFTWOOD SHIELD;1.92223621708671;0.127477412034639;3.3091866563606;Black-billed Magpie
NA;NA;NA;NA;NA
NA;NA;NA;NA;NA
BOREAL HARDWOOD TRANSITION;-1.58774277545481;-2.08989976567816;-0.888467764105124;American Crow
LOWER GREAT LAKES/ ST. LAWRENCE PLAIN;-1.41629034370763;-1.62888419324571;-1.2214215719754;American Crow
TAIGA SHIELD AND HUDSON PLAINS;-1.27327210930845;-1.91926102190601;-0.816285475968797;American Crow
BOREAL SOFTWOOD SHIELD;-0.108972069608706;-0.782483484911003;0.822509533107837;American Crow
BOREAL SOFTWOOD SHIELD;-0.353723614676984;-1.25180647227556;0.673890164042177;Common Raven
BOREAL HARDWOOD TRANSITION;-0.186295703386784;-1.37466868677832;0.835643343040428;Common Raven
TAIGA SHIELD AND HUDSON PLAINS;1.16472114043045;0.00135344193816982;2.63281289305101;Common Raven
LOWER GREAT LAKES/ ST. LAWRENCE PLAIN;4.20930127549136;3.38573240142306;4.87304330311782;Common Raven
BOREAL SOFTWOOD SHIELD;-1.23900393212562;-1.65350261228398;-0.79526883224914;Black-capped Chickadee
BOREAL HARDWOOD TRANSITION;-1.1993706642105;-1.59149255807437;-0.888599365523166;Black-capped Chickadee
TAIGA SHIELD AND HUDSON PLAINS;-1.05773518068403;-1.65298412748402;-0.54733628860729;Black-capped Chickadee
LOWER GREAT LAKES/ ST. LAWRENCE PLAIN;-0.994871258599572;-1.30721885280397;-0.748680839625452;Black-capped Chickadee
BOREAL HARDWOOD TRANSITION;-7.67124384464845;-9.73948564944825;-7.26068763425386;Boreal Chickadee
BOREAL SOFTWOOD SHIELD;-1.56465787335315;-2.7794162099282;-0.299980906922064;Boreal Chickadee
TAIGA SHIELD AND HUDSON PLAINS;6.41275258700169;4.86867975758883;8.27804809539071;Boreal Chickadee
NA;NA;NA;NA;NA
LOWER GREAT LAKES/ ST. LAWRENCE PLAIN;1.12694194262296;0.434219722587612;1.95206179642923;Tufted Titmouse
BOREAL HARDWOOD TRANSITION;3.6921333076631;2.75425288727699;4.50383523471255;Tufted Titmouse
NA;NA;NA;NA;NA
NA;NA;NA;NA;NA
BOREAL HARDWOOD TRANSITION;-4.18012626880659;-6.04662467969578;-2.82398989153121;Horned Lark
TAIGA SHIELD AND HUDSON PLAINS;-2.37320226423047;-6.52719044075605;0.449685994217935;Horned Lark
LOWER GREAT LAKES/ ST. LAWRENCE PLAIN;-2.13034082176461;-3.54195604581202;-0.565996354437912;Horned Lark
NA;NA;NA;NA;NA
LOWER GREAT LAKES/ ST. LAWRENCE PLAIN;-3.83897267406702;-4.36729237621099;-3.06434292931266;Bank Swallow
BOREAL HARDWOOD TRANSITION;-2.50260699061082;-3.57396685763906;-0.927973794839169;Bank Swallow
BOREAL SOFTWOOD SHIELD;0.11895409122557;-1.45381251506608;0.748947393035597;Bank Swallow
TAIGA SHIELD AND HUDSON PLAINS;1.6055778510803;0.147456536832257;2.94976617584463;Bank Swallow
LOWER GREAT LAKES/ ST. LAWRENCE PLAIN;-2.03391212245388;-2.45626760970403;-1.67199326344012;Tree Swallow
BOREAL HARDWOOD TRANSITION;-1.88351110882505;-2.29531597603956;-1.33395656437245;Tree Swallow
BOREAL SOFTWOOD SHIELD;-1.59759720225586;-2.46376255405016;-0.647016068313863;Tree Swallow
TAIGA SHIELD AND HUDSON PLAINS;-1.22636338224054;-2.26684016397772;0.119300629469685;Tree Swallow
BOREAL HARDWOOD TRANSITION;-1.17177234202079;-2.07760788283148;-0.391413877334292;Northern Rough-winged Swallow
LOWER GREAT LAKES/ ST. LAWRENCE PLAIN;-0.792613602950627;-1.15864285880935;0.140584201014469;Northern Rough-winged Swallow
NA;NA;NA;NA;NA
NA;NA;NA;NA;NA
LOWER GREAT LAKES/ ST. LAWRENCE PLAIN;0.699278701425483;0.00874405013450383;1.60365554172389;Purple Martin
BOREAL HARDWOOD TRANSITION;0.849506459151943;0.0173371383038382;1.84893444814893;Purple Martin
NA;NA;NA;NA;NA
NA;NA;NA;NA;NA
BOREAL HARDWOOD TRANSITION;-1.7523014912691;-2.44177083351295;-1.17152985321748;Barn Swallow
LOWER GREAT LAKES/ ST. LAWRENCE PLAIN;-1.72083716624018;-1.95772334031978;-1.49533578313625;Barn Swallow
TAIGA SHIELD AND HUDSON PLAINS;-1.49187404195081;-2.58315508267097;-0.626554278472239;Barn Swallow
BOREAL SOFTWOOD SHIELD;-1.20390881871655;-2.24286515985574;0.0500023916705746;Barn Swallow
BOREAL HARDWOOD TRANSITION;-3.39908396649465;-3.93251662751039;-2.60071359498552;Cliff Swallow
BOREAL SOFTWOOD SHIELD;-2.86061829483735;-4.06882260764452;-1.67534907778743;Cliff Swallow
TAIGA SHIELD AND HUDSON PLAINS;-0.703073265117789;-4.22785203254959;1.44351393175097;Cliff Swallow
LOWER GREAT LAKES/ ST. LAWRENCE PLAIN;0.0980724267063585;-0.553932509617991;1.17928088798625;Cliff Swallow
LOWER GREAT LAKES/ ST. LAWRENCE PLAIN;-0.637934741140207;-1.44033368707823;0.739603906788735;Ruby-crowned Kinglet
BOREAL HARDWOOD TRANSITION;0.809636508364783;0.488156219488351;2.15436274892738;Ruby-crowned Kinglet
TAIGA SHIELD AND HUDSON PLAINS;1.2148014120268;0.428344098345864;2.44683046381324;Ruby-crowned Kinglet
BOREAL SOFTWOOD SHIELD;1.30300051951992;0.777323286420934;2.2657947541181;Ruby-crowned Kinglet
LOWER GREAT LAKES/ ST. LAWRENCE PLAIN;-2.06182462977698;-3.15491613386312;-1.32040031154853;Golden-crowned Kinglet
BOREAL HARDWOOD TRANSITION;-0.495468449644163;-1.21235009716201;0.43356468963645;Golden-crowned Kinglet
BOREAL SOFTWOOD SHIELD;0.604695025436743;-0.638797066664716;1.38026493077963;Golden-crowned Kinglet
TAIGA SHIELD AND HUDSON PLAINS;1.07568650512626;-0.204397669490626;1.686271487599;Golden-crowned Kinglet
TAIGA SHIELD AND HUDSON PLAINS;-3.20128734057861;-4.65141758458967;-1.87724735975653;Cedar Waxwing
LOWER GREAT LAKES/ ST. LAWRENCE PLAIN;-2.68305011849866;-2.99209782504468;-2.30849703543375;Cedar Waxwing
BOREAL SOFTWOOD SHIELD;-1.85313496606928;-2.34161755201972;-1.35783614748269;Cedar Waxwing
BOREAL HARDWOOD TRANSITION;-1.83471862745819;-2.303603497086;-1.5926721514784;Cedar Waxwing
BOREAL HARDWOOD TRANSITION;0.0413089558703102;-0.309178179794171;0.468960245518558;Red-breasted Nuthatch
TAIGA SHIELD AND HUDSON PLAINS;0.569443848166014;-1.45431608527134;1.38916188816866;Red-breasted Nuthatch
BOREAL SOFTWOOD SHIELD;0.784115410906846;0.20418278882549;1.11217527804786;Red-breasted Nuthatch
LOWER GREAT LAKES/ ST. LAWRENCE PLAIN;1.41642284204279;0.739123394861196;2.19566672782266;Red-breasted Nuthatch
TAIGA SHIELD AND HUDSON PLAINS;0.111159886805249;-0.863076015308827;0.796553792391073;White-breasted Nuthatch
BOREAL HARDWOOD TRANSITION;1.35088681679575;0.746441711680531;2.04833933246456;White-breasted Nuthatch
LOWER GREAT LAKES/ ST. LAWRENCE PLAIN;1.4653975337046;1.15193886390714;1.8446261602799;White-breasted Nuthatch
BOREAL SOFTWOOD SHIELD;2.93263906803735;2.22224342797048;3.95348729889977;White-breasted Nuthatch
BOREAL HARDWOOD TRANSITION;-1.14607583954168;-1.9397399877991;-0.286470730249547;Brown Creeper
BOREAL SOFTWOOD SHIELD;-0.644373763331053;-1.91942290536157;1.17578299021567;Brown Creeper
TAIGA SHIELD AND HUDSON PLAINS;0.747966546326711;-1.61261171704558;2.26765444549772;Brown Creeper
LOWER GREAT LAKES/ ST. LAWRENCE PLAIN;1.17638295762966;0.215819997946327;2.21316723337562;Brown Creeper
BOREAL HARDWOOD TRANSITION;-3.51863002348619;-4.89772604974653;-1.65487412801351;Blue-gray Gnatcatcher
LOWER GREAT LAKES/ ST. LAWRENCE PLAIN;-1.87003327357759;-2.74619893420675;-0.820642373258703;Blue-gray Gnatcatcher
NA;NA;NA;NA;NA
NA;NA;NA;NA;NA
LOWER GREAT LAKES/ ST. LAWRENCE PLAIN;6.4813104881222;5.55107312015754;7.88496045502137;Carolina Wren
NA;NA;NA;NA;NA
NA;NA;NA;NA;NA
NA;NA;NA;NA;NA
BOREAL SOFTWOOD SHIELD;2.06339635922594;0.465054304285298;5.70904253051557;House Wren
LOWER GREAT LAKES/ ST. LAWRENCE PLAIN;2.81745537603942;2.57457335119599;3.27182910508141;House Wren
BOREAL HARDWOOD TRANSITION;4.58061129823984;3.44367138455179;5.21840649015013;House Wren
NA;NA;NA;NA;NA
LOWER GREAT LAKES/ ST. LAWRENCE PLAIN;0.100528275509838;-0.298235658577272;1.1018633723676;Winter Wren
BOREAL HARDWOOD TRANSITION;0.27016792633246;-0.542745166789174;0.709310666913239;Winter Wren
BOREAL SOFTWOOD SHIELD;0.616241768940852;-0.447248610840948;1.50919558109782;Winter Wren
TAIGA SHIELD AND HUDSON PLAINS;0.681710058866825;-2.4799881652673;2.98912629912615;Winter Wren
LOWER GREAT LAKES/ ST. LAWRENCE PLAIN;-1.558330698436;-3.2806635307484;-0.503897363719221;Sedge Wren
BOREAL HARDWOOD TRANSITION;1.60808936284574;0.492749056333781;3.01816963168527;Sedge Wren
BOREAL SOFTWOOD SHIELD;4.12817715138763;2.5945153383859;5.51527222997802;Sedge Wren
NA;NA;NA;NA;NA
BOREAL SOFTWOOD SHIELD;1.16377215771763;-0.698680288977584;2.19733110665122;Marsh Wren
LOWER GREAT LAKES/ ST. LAWRENCE PLAIN;1.74870238629256;1.24992052744213;2.60201891566474;Marsh Wren
BOREAL HARDWOOD TRANSITION;3.15790249334992;1.43047206440589;4.10920385142598;Marsh Wren
NA;NA;NA;NA;NA
BOREAL SOFTWOOD SHIELD;0.325432562339098;-0.393197875269328;1.49637377177836;Gray Catbird
BOREAL HARDWOOD TRANSITION;0.374304120605092;-0.231767967945513;1.22967357812378;Gray Catbird
LOWER GREAT LAKES/ ST. LAWRENCE PLAIN;0.38156289502084;0.0135156134807201;0.622169639050046;Gray Catbird
TAIGA SHIELD AND HUDSON PLAINS;0.97981484949173;0.152029895873311;2.12169852154504;Gray Catbird
LOWER GREAT LAKES/ ST. LAWRENCE PLAIN;-0.251388816494508;-0.91015795510966;0.562916840936392;Brown Thrasher
BOREAL SOFTWOOD SHIELD;0.132612290832277;-1.61375712321591;1.10143637115089;Brown Thrasher
BOREAL HARDWOOD TRANSITION;0.690742181611302;-1.09475836583135;2.01493518989504;Brown Thrasher
NA;NA;NA;NA;NA
LOWER GREAT LAKES/ ST. LAWRENCE PLAIN;-2.01587276404156;-3.65401681226643;-0.649284571226146;Northern Mockingbird
BOREAL SOFTWOOD SHIELD;0.898662369100292;-3.13691764167222;3.3134944168612;Northern Mockingbird
NA;NA;NA;NA;NA
NA;NA;NA;NA;NA
BOREAL SOFTWOOD SHIELD;-2.86281988849002;-3.38412123330702;-2.20775022479407;European Starling
TAIGA SHIELD AND HUDSON PLAINS;-2.79832887804666;-3.55668327716548;-1.97158887461437;European Starling
BOREAL HARDWOOD TRANSITION;-2.00539818676451;-2.72212524947191;-1.36470485833511;European Starling
LOWER GREAT LAKES/ ST. LAWRENCE PLAIN;-1.83980798088309;-2.10857903764858;-1.40196610389992;European Starling
BOREAL SOFTWOOD SHIELD;-2.19518537366154;-4.09630875090679;-1.36311641632053;Eastern Bluebird
TAIGA SHIELD AND HUDSON PLAINS;-1.24392412395747;-2.48477237838308;-0.633970625300547;Eastern Bluebird
BOREAL HARDWOOD TRANSITION;-0.668033860255262;-2.04244828007125;0.21759327667557;Eastern Bluebird
LOWER GREAT LAKES/ ST. LAWRENCE PLAIN;-0.0748132236172667;-0.594663374730513;0.366299327267542;Eastern Bluebird
LOWER GREAT LAKES/ ST. LAWRENCE PLAIN;-1.31917118793981;-1.46749535127161;-0.693488680387311;Veery
BOREAL HARDWOOD TRANSITION;-0.26769954653213;-0.685435847171711;0.0853475268299353;Veery
BOREAL SOFTWOOD SHIELD;0.0724243249727432;-0.597006573575431;0.728381165940732;Veery
TAIGA SHIELD AND HUDSON PLAINS;1.18904996354668;0.475002262263221;2.48408690626381;Veery
BOREAL HARDWOOD TRANSITION;-0.922052795683956;-1.31554751326592;-0.37182612001084;Swainson's Thrush
TAIGA SHIELD AND HUDSON PLAINS;-0.786260032102191;-2.92167933006577;1.67151942185816;Swainson's Thrush
BOREAL SOFTWOOD SHIELD;-0.62215801404006;-1.37535380866914;-0.02719798881822;Swainson's Thrush
LOWER GREAT LAKES/ ST. LAWRENCE PLAIN;0.088827054127577;-1.01021476521111;0.779225655491044;Swainson's Thrush
BOREAL SOFTWOOD SHIELD;-4.01757053925207;-4.59427573465812;-3.11511263422025;Hermit Thrush
BOREAL HARDWOOD TRANSITION;-2.38212908584384;-3.27861578751387;-1.83434797128016;Hermit Thrush
LOWER GREAT LAKES/ ST. LAWRENCE PLAIN;-2.00687891864168;-2.43118695511924;-1.03650491768632;Hermit Thrush
TAIGA SHIELD AND HUDSON PLAINS;0.411929124554312;-2.3985196214766;1.62780389838115;Hermit Thrush
BOREAL HARDWOOD TRANSITION;0.206034909708048;-1.029165942317;1.24012172507825;Wood Thrush
LOWER GREAT LAKES/ ST. LAWRENCE PLAIN;0.532361833827674;-0.294449919332344;1.03503701472615;Wood Thrush
NA;NA;NA;NA;NA
NA;NA;NA;NA;NA
TAIGA SHIELD AND HUDSON PLAINS;-1.6436637266353;-2.29015318046126;-0.88653797607368;American Robin
BOREAL HARDWOOD TRANSITION;-1.33783010769412;-1.59944178798095;-0.73704411263641;American Robin
LOWER GREAT LAKES/ ST. LAWRENCE PLAIN;-0.797922838477483;-1.13703529147313;-0.577070925944321;American Robin
BOREAL SOFTWOOD SHIELD;-0.78658254154292;-1.24544645912444;-0.226047582003375;American Robin
BOREAL SOFTWOOD SHIELD;-1.73221245533967;-2.71245000275839;0.132701602293597;House Sparrow
BOREAL HARDWOOD TRANSITION;0.0530071950350193;-0.959350242035543;0.907992463463608;House Sparrow
LOWER GREAT LAKES/ ST. LAWRENCE PLAIN;0.50135909005327;0.247710203930298;1.13300844029419;House Sparrow
NA;NA;NA;NA;NA
BOREAL HARDWOOD TRANSITION;-4.67190834445619;-5.36401414828309;-3.10112584616648;Evening Grosbeak
LOWER GREAT LAKES/ ST. LAWRENCE PLAIN;-3.2159968669377;-5.21841085517151;-0.836685629981181;Evening Grosbeak
BOREAL SOFTWOOD SHIELD;1.27057063033096;0.23328336119058;3.74552167373179;Evening Grosbeak
NA;NA;NA;NA;NA
BOREAL SOFTWOOD SHIELD;-1.21837269119154;-1.74339432379659;-0.527192835086341;Pine Grosbeak
TAIGA SHIELD AND HUDSON PLAINS;-0.207402937977403;-0.957080451178134;0.935809510760916;Pine Grosbeak
BOREAL HARDWOOD TRANSITION;0.223137165704782;-0.89440334248292;1.02503414185706;Pine Grosbeak
LOWER GREAT LAKES/ ST. LAWRENCE PLAIN;7.06848921332584;5.61572844801799;8.92276952712751;Pine Grosbeak
BOREAL HARDWOOD TRANSITION;1.55444996761599;-1.33787193790312;4.76060322219974;House Finch
LOWER GREAT LAKES/ ST. LAWRENCE PLAIN;2.65893265602722;2.20309515338937;3.02170252123792;House Finch
NA;NA;NA;NA;NA
NA;NA;NA;NA;NA
BOREAL HARDWOOD TRANSITION;0.649704125978478;0.0876268621962676;1.32882885689078;Purple Finch
BOREAL SOFTWOOD SHIELD;0.735030562915233;-0.253624980773866;1.24987031006836;Purple Finch
TAIGA SHIELD AND HUDSON PLAINS;1.16005021371693;0.0681273888918509;2.41604049410392;Purple Finch
LOWER GREAT LAKES/ ST. LAWRENCE PLAIN;1.70345751535358;0.646594255042667;2.83638957816594;Purple Finch
BOREAL SOFTWOOD SHIELD;-4.60529353544683;-5.25810499759331;-3.97475684636502;Common Redpoll
BOREAL HARDWOOD TRANSITION;-3.68145429830845;-4.51223651097187;-2.95017633905183;Common Redpoll
TAIGA SHIELD AND HUDSON PLAINS;-2.40041889890634;-3.11362390265769;-1.48104079930179;Common Redpoll
LOWER GREAT LAKES/ ST. LAWRENCE PLAIN;1.61204371052346;0.877757215402249;2.52264635994445;Common Redpoll
TAIGA SHIELD AND HUDSON PLAINS;-1.0102147157571;-2.805264671231;2.13957825768745;Red Crossbill
BOREAL SOFTWOOD SHIELD;1.67770282984309;0.549589353812382;3.53061691284824;Red Crossbill
BOREAL HARDWOOD TRANSITION;3.37276045525502;2.16353456988236;4.44394605931843;Red Crossbill
LOWER GREAT LAKES/ ST. LAWRENCE PLAIN;4.84877601788741;3.95281500206411;7.68221857100295;Red Crossbill
TAIGA SHIELD AND HUDSON PLAINS;2.54671410053236;1.29697986666639;3.62773815260325;White-winged Crossbill
BOREAL SOFTWOOD SHIELD;4.78388339026206;3.87868182339717;5.61302698136539;White-winged Crossbill
BOREAL HARDWOOD TRANSITION;6.02891631219589;4.90708283990768;7.13344067950385;White-winged Crossbill
LOWER GREAT LAKES/ ST. LAWRENCE PLAIN;8.36742423860298;7.51363745630004;10.2150045106761;White-winged Crossbill
LOWER GREAT LAKES/ ST. LAWRENCE PLAIN;-3.1641053449484;-4.50383699834272;-1.94658375601962;Pine Siskin
TAIGA SHIELD AND HUDSON PLAINS;-2.58730446313101;-3.9553043838171;-0.920387565258822;Pine Siskin
BOREAL HARDWOOD TRANSITION;-1.72174290264411;-2.81725035126095;-0.318066438990238;Pine Siskin
BOREAL SOFTWOOD SHIELD;-0.87615153242135;-2.8698544091427;0.634881492935254;Pine Siskin
TAIGA SHIELD AND HUDSON PLAINS;-3.09731961491846;-4.05054470094223;-2.24407812388649;American Goldfinch
BOREAL SOFTWOOD SHIELD;-2.65378075645833;-3.26711950724527;-2.22807290800513;American Goldfinch
BOREAL HARDWOOD TRANSITION;-2.17529031819868;-2.61237770396883;-1.70443560149972;American Goldfinch
LOWER GREAT LAKES/ ST. LAWRENCE PLAIN;-1.48825752260028;-1.699973001745;-1.20874341176508;American Goldfinch
LOWER GREAT LAKES/ ST. LAWRENCE PLAIN;-2.29507385813573;-3.15209019669929;-1.72009286859447;Grasshopper Sparrow
BOREAL HARDWOOD TRANSITION;-1.03614119445029;-2.30275166501913;0.745059472707076;Grasshopper Sparrow
NA;NA;NA;NA;NA
NA;NA;NA;NA;NA
TAIGA SHIELD AND HUDSON PLAINS;-1.4132348162035;-2.15101034633387;-0.33933713816842;Chipping Sparrow
BOREAL HARDWOOD TRANSITION;-1.32980271379592;-1.75739243207458;-0.845516899701616;Chipping Sparrow
LOWER GREAT LAKES/ ST. LAWRENCE PLAIN;-1.23987902573094;-1.53787317745167;-0.931443550875013;Chipping Sparrow
BOREAL SOFTWOOD SHIELD;-1.00300461799841;-1.66667171487486;-0.45426956780694;Chipping Sparrow
LOWER GREAT LAKES/ ST. LAWRENCE PLAIN;-3.36043066965989;-4.40152256515697;-2.70787996799539;Clay-colored Sparrow
BOREAL SOFTWOOD SHIELD;-2.54857698203912;-4.39527198198779;-1.85602047269267;Clay-colored Sparrow
BOREAL HARDWOOD TRANSITION;-1.84942564848293;-3.24480723460175;-1.02403133784994;Clay-colored Sparrow
TAIGA SHIELD AND HUDSON PLAINS;1.02625925683452;0.0282018251757425;2.09002561450868;Clay-colored Sparrow
LOWER GREAT LAKES/ ST. LAWRENCE PLAIN;-1.12329319710558;-1.51101887881833;-0.835700729401939;Field Sparrow
BOREAL HARDWOOD TRANSITION;-0.992935138361125;-1.77239323864523;0.380259581100534;Field Sparrow
NA;NA;NA;NA;NA
NA;NA;NA;NA;NA
LOWER GREAT LAKES/ ST. LAWRENCE PLAIN;0.338087738628877;-1.65700066631762;1.76105915092124;Fox Sparrow
NA;NA;NA;NA;NA
NA;NA;NA;NA;NA
NA;NA;NA;NA;NA
LOWER GREAT LAKES/ ST. LAWRENCE PLAIN;-3.39229917342688;-3.93623727504321;-2.95269359912223;White-throated Sparrow
TAIGA SHIELD AND HUDSON PLAINS;-2.00581501383836;-2.88180755738291;-1.4097913291176;White-throated Sparrow
BOREAL HARDWOOD TRANSITION;-0.850577971408785;-1.18915607242649;-0.544721021178582;White-throated Sparrow
BOREAL SOFTWOOD SHIELD;0.267383298130696;-0.266912001486881;0.79762246984625;White-throated Sparrow
BOREAL SOFTWOOD SHIELD;-7.8409713665575;-12.593558311912;-5.00017031186764;Vesper Sparrow
BOREAL HARDWOOD TRANSITION;-6.78384248348325;-8.68313878075093;-4.71306426772049;Vesper Sparrow
LOWER GREAT LAKES/ ST. LAWRENCE PLAIN;-1.61934919959123;-2.29686902217331;-0.0689725066747587;Vesper Sparrow
NA;NA;NA;NA;NA
BOREAL HARDWOOD TRANSITION;-6.68064032354239;-9.29217220042329;-5.1504999873107;LeConte's Sparrow
TAIGA SHIELD AND HUDSON PLAINS;-6.3497060501974;-9.00470952250022;-3.98848116735829;LeConte's Sparrow
BOREAL SOFTWOOD SHIELD;-1.41366513566761;-5.39309028205948;1.29547171874853;LeConte's Sparrow
NA;NA;NA;NA;NA
NA;NA;NA;NA;NA
NA;NA;NA;NA;NA
NA;NA;NA;NA;NA
NA;NA;NA;NA;NA
LOWER GREAT LAKES/ ST. LAWRENCE PLAIN;-3.71750659021028;-4.3263327445765;-3.13949610847084;Savannah Sparrow
TAIGA SHIELD AND HUDSON PLAINS;-3.41054490044719;-6.31854454028585;-1.97603897172964;Savannah Sparrow
BOREAL HARDWOOD TRANSITION;-2.67856829597019;-3.36324493268893;-2.12125825371814;Savannah Sparrow
BOREAL SOFTWOOD SHIELD;-1.80054101605257;-2.73844332685555;-0.530215486328894;Savannah Sparrow
TAIGA SHIELD AND HUDSON PLAINS;-1.8858926628152;-3.32399324396208;-0.98751326077007;Song Sparrow
LOWER GREAT LAKES/ ST. LAWRENCE PLAIN;-0.67825158452664;-0.919064955748138;-0.456533456792433;Song Sparrow
BOREAL HARDWOOD TRANSITION;-0.523803787823006;-1.03889947946603;-0.0966214978008343;Song Sparrow
BOREAL SOFTWOOD SHIELD;0.0209078246251891;-0.641867598958183;0.649566283871236;Song Sparrow
BOREAL HARDWOOD TRANSITION;-4.29304954443811;-5.68941378191496;-3.24664172815993;Lincoln's Sparrow
LOWER GREAT LAKES/ ST. LAWRENCE PLAIN;-2.6289097626036;-4.50821246853058;-1.46206692510399;Lincoln's Sparrow
BOREAL SOFTWOOD SHIELD;-2.25804314747544;-3.54523575948754;-0.740827860563525;Lincoln's Sparrow
TAIGA SHIELD AND HUDSON PLAINS;2.17564323676125;-2.30519267875311;5.09147526723548;Lincoln's Sparrow
TAIGA SHIELD AND HUDSON PLAINS;-1.06521756159386;-3.11897203929023;0.0214472645443313;Swamp Sparrow
LOWER GREAT LAKES/ ST. LAWRENCE PLAIN;-0.897924862582222;-1.32792554963304;-0.00221253052995081;Swamp Sparrow
BOREAL SOFTWOOD SHIELD;1.24690843157973;-0.164978729217423;1.57381923143742;Swamp Sparrow
BOREAL HARDWOOD TRANSITION;1.30647375335499;0.446198213490446;1.82448613175427;Swamp Sparrow
BOREAL HARDWOOD TRANSITION;-0.3751494417047;-1.48344844348374;1.74950775121173;Eastern Towhee
LOWER GREAT LAKES/ ST. LAWRENCE PLAIN;-0.19575567816163;-1.08184436883025;0.304260511363407;Eastern Towhee
NA;NA;NA;NA;NA
NA;NA;NA;NA;NA
NA;NA;NA;NA;NA
NA;NA;NA;NA;NA
NA;NA;NA;NA;NA
NA;NA;NA;NA;NA
LOWER GREAT LAKES/ ST. LAWRENCE PLAIN;-3.84834178325822;-4.28829113037876;-3.54253108875343;Bobolink
BOREAL HARDWOOD TRANSITION;-2.74682807336823;-3.49515314743935;-2.34869513867523;Bobolink
BOREAL SOFTWOOD SHIELD;-0.712526176703865;-1.59022503653912;0.328548419329718;Bobolink
NA;NA;NA;NA;NA
LOWER GREAT LAKES/ ST. LAWRENCE PLAIN;-1.98247539215464;-2.62974105156114;-0.472192729914079;Eastern Meadowlark
BOREAL HARDWOOD TRANSITION;0.309427742097385;-0.339447972255679;2.24418968369501;Eastern Meadowlark
NA;NA;NA;NA;NA
NA;NA;NA;NA;NA
BOREAL SOFTWOOD SHIELD;-1.58869024785003;-6.48779780354912;3.09005890750159;Western Meadowlark
LOWER GREAT LAKES/ ST. LAWRENCE PLAIN;-0.988099125334248;-1.71857184653617;0.350663447486106;Western Meadowlark
BOREAL HARDWOOD TRANSITION;4.65375149515597;1.00630361883331;10.8736761125898;Western Meadowlark
NA;NA;NA;NA;NA
LOWER GREAT LAKES/ ST. LAWRENCE PLAIN;2.2308089386516;1.58850865644163;3.75194350352508;Orchard Oriole
NA;NA;NA;NA;NA
NA;NA;NA;NA;NA
NA;NA;NA;NA;NA
BOREAL SOFTWOOD SHIELD;0.0890797978608451;-1.95293688603652;2.78497930851887;Baltimore Oriole
BOREAL HARDWOOD TRANSITION;0.273702121895115;-0.445396241688817;1.54579576150365;Baltimore Oriole
LOWER GREAT LAKES/ ST. LAWRENCE PLAIN;1.22622052701914;0.966419109775673;1.73942103342052;Baltimore Oriole
NA;NA;NA;NA;NA
TAIGA SHIELD AND HUDSON PLAINS;-1.78601987221928;-2.75389865376994;-0.514599129732873;Red-winged Blackbird
LOWER GREAT LAKES/ ST. LAWRENCE PLAIN;-1.42904177997176;-1.7582476887066;-1.1474338623656;Red-winged Blackbird
BOREAL SOFTWOOD SHIELD;-0.218039146665067;-1.08621773903589;0.788028319176665;Red-winged Blackbird
BOREAL HARDWOOD TRANSITION;-0.0699293873988568;-0.84272523309063;0.813527464847272;Red-winged Blackbird
BOREAL HARDWOOD TRANSITION;-0.647154926796509;-1.88325313712046;-0.116562063235249;Brown-headed Cowbird
BOREAL SOFTWOOD SHIELD;-0.47406359026452;-2.18204873477806;0.163295139672018;Brown-headed Cowbird
TAIGA SHIELD AND HUDSON PLAINS;-0.366318965641917;-0.996051192892315;0.180474203078011;Brown-headed Cowbird
LOWER GREAT LAKES/ ST. LAWRENCE PLAIN;0.298674683110155;-0.0828603541602047;0.688380632358819;Brown-headed Cowbird
LOWER GREAT LAKES/ ST. LAWRENCE PLAIN;-1.36113291106161;-2.5806571126427;2.49891693517267;Rusty Blackbird
NA;NA;NA;NA;NA
NA;NA;NA;NA;NA
NA;NA;NA;NA;NA
LOWER GREAT LAKES/ ST. LAWRENCE PLAIN;-6.5369661656833;-8.72853348805144;-4.54977034861556;Brewer's Blackbird
BOREAL HARDWOOD TRANSITION;-3.52232777771066;-5.02189185260683;-1.19511550048284;Brewer's Blackbird
NA;NA;NA;NA;NA
NA;NA;NA;NA;NA
LOWER GREAT LAKES/ ST. LAWRENCE PLAIN;-0.756367641800319;-1.18268005127963;-0.3690487320544;Common Grackle
TAIGA SHIELD AND HUDSON PLAINS;-0.318017424203447;-1.29538441337147;0.716069721170561;Common Grackle
BOREAL HARDWOOD TRANSITION;0.727479932980521;-0.259961270325273;1.27349218894465;Common Grackle
BOREAL SOFTWOOD SHIELD;0.875692183715759;-0.0946903713730886;1.85544015310521;Common Grackle
LOWER GREAT LAKES/ ST. LAWRENCE PLAIN;-0.980018643613105;-1.49579256474901;-0.370131047160934;Ovenbird
BOREAL HARDWOOD TRANSITION;-0.364817140383339;-0.84705225660016;-0.0405930524166507;Ovenbird
TAIGA SHIELD AND HUDSON PLAINS;-0.269890339924563;-1.28056919277552;1.42541213145536;Ovenbird
BOREAL SOFTWOOD SHIELD;0.854044303771092;0.0653936213568832;1.38533611407603;Ovenbird
LOWER GREAT LAKES/ ST. LAWRENCE PLAIN;0.151695343656141;-1.09588317314139;1.07495533314877;Northern Waterthrush
TAIGA SHIELD AND HUDSON PLAINS;1.51352827115301;0.169431793972773;2.63942174196092;Northern Waterthrush
BOREAL HARDWOOD TRANSITION;2.64084334041309;1.61204988905171;3.48991406785276;Northern Waterthrush
BOREAL SOFTWOOD SHIELD;3.11962576821892;2.70105419741126;3.84011494857538;Northern Waterthrush
LOWER GREAT LAKES/ ST. LAWRENCE PLAIN;-3.85584093285949;-6.04023349197919;-2.48662898148913;Golden-winged Warbler
BOREAL HARDWOOD TRANSITION;-2.51478793837692;-3.27464459595853;-0.490738294902263;Golden-winged Warbler
BOREAL SOFTWOOD SHIELD;-2.43004452671597;-3.16729009998574;-1.4704951758816;Golden-winged Warbler
NA;NA;NA;NA;NA
LOWER GREAT LAKES/ ST. LAWRENCE PLAIN;-3.41477833204536;-4.39459871396553;-2.11057396106515;Blue-winged Warbler
BOREAL HARDWOOD TRANSITION;-2.39472833131705;-3.52928660398035;-0.138913917362218;Blue-winged Warbler
NA;NA;NA;NA;NA
NA;NA;NA;NA;NA
LOWER GREAT LAKES/ ST. LAWRENCE PLAIN;-0.153634511596872;-0.474991837621544;0.491493913349051;Black-and-white Warbler
BOREAL HARDWOOD TRANSITION;1.0902050469372;0.630894857482326;1.68014377738968;Black-and-white Warbler
BOREAL SOFTWOOD SHIELD;1.52019676124005;0.809233983336994;2.11134592094103;Black-and-white Warbler
TAIGA SHIELD AND HUDSON PLAINS;2.69030977720331;0.508786673913072;4.81531565453762;Black-and-white Warbler
LOWER GREAT LAKES/ ST. LAWRENCE PLAIN;-2.21278361138317;-4.22912864735634;-0.554234917710634;Tennessee Warbler
TAIGA SHIELD AND HUDSON PLAINS;-1.20980164595822;-3.1428082914698;0.104915760827498;Tennessee Warbler
BOREAL HARDWOOD TRANSITION;0.853644920068578;0.0312894250907508;2.01967530571905;Tennessee Warbler
BOREAL SOFTWOOD SHIELD;1.98263559733391;1.16501600298304;2.65998805508855;Tennessee Warbler
TAIGA SHIELD AND HUDSON PLAINS;-2.07749434224999;-3.12795889502533;0.1197323159137;Orange-crowned Warbler
BOREAL SOFTWOOD SHIELD;0.299050244931694;-3.10045004389487;2.05934232194474;Orange-crowned Warbler
NA;NA;NA;NA;NA
NA;NA;NA;NA;NA
LOWER GREAT LAKES/ ST. LAWRENCE PLAIN;-3.42062580716946;-3.89954660497758;-2.89574112012757;Nashville Warbler
TAIGA SHIELD AND HUDSON PLAINS;-1.47394839077742;-2.63160765493281;-0.428832992504068;Nashville Warbler
BOREAL HARDWOOD TRANSITION;-0.852916000060427;-1.19725394408679;-0.61682506643423;Nashville Warbler
BOREAL SOFTWOOD SHIELD;-0.535935259373216;-0.958521682370587;-0.155570773403625;Nashville Warbler
LOWER GREAT LAKES/ ST. LAWRENCE PLAIN;-0.756118601755817;-1.38542909380131;0.0660971753714461;Mourning Warbler
BOREAL HARDWOOD TRANSITION;0.563374333530078;-0.539615590321963;1.32228463723976;Mourning Warbler
BOREAL SOFTWOOD SHIELD;1.20758626258849;0.00707471343466759;1.83804646670431;Mourning Warbler
TAIGA SHIELD AND HUDSON PLAINS;1.26706089803498;0.0716209608048637;2.01171114543913;Mourning Warbler
LOWER GREAT LAKES/ ST. LAWRENCE PLAIN;-0.937084785562121;-1.23294633257155;-0.753594754550505;Common Yellowthroat
BOREAL HARDWOOD TRANSITION;-0.896960064888983;-1.22388635494252;-0.613457650288255;Common Yellowthroat
TAIGA SHIELD AND HUDSON PLAINS;-0.785293092304942;-1.54940093967735;0.385800073014031;Common Yellowthroat
BOREAL SOFTWOOD SHIELD;-0.424001498605289;-0.890146863248627;0.0362517885291919;Common Yellowthroat
BOREAL HARDWOOD TRANSITION;0.062159563230699;-0.291694314391925;0.44216552247698;American Redstart
TAIGA SHIELD AND HUDSON PLAINS;0.163826083862829;-0.665322322610923;1.57936786317909;American Redstart
BOREAL SOFTWOOD SHIELD;0.674623455734162;0.4017951213027;1.09361217764084;American Redstart
LOWER GREAT LAKES/ ST. LAWRENCE PLAIN;2.088694585521;1.78018149665159;2.39756778685517;American Redstart
NA;NA;NA;NA;NA
NA;NA;NA;NA;NA
NA;NA;NA;NA;NA
NA;NA;NA;NA;NA
BOREAL HARDWOOD TRANSITION;-4.7951399255305;-7.06096180873746;0.85872530403127;Cerulean Warbler
LOWER GREAT LAKES/ ST. LAWRENCE PLAIN;-1.91226314506961;-6.12018540326655;1.53013703809599;Cerulean Warbler
NA;NA;NA;NA;NA
NA;NA;NA;NA;NA
TAIGA SHIELD AND HUDSON PLAINS;1.32719010669676;0.880753137093063;2.76704399175555;Northern Parula
LOWER GREAT LAKES/ ST. LAWRENCE PLAIN;3.14380279834174;2.27363729402332;5.69965450302196;Northern Parula
BOREAL HARDWOOD TRANSITION;3.26108927525246;2.21469146476584;4.08772314573817;Northern Parula
BOREAL SOFTWOOD SHIELD;4.32659876471966;2.93555625977042;4.93332280660243;Northern Parula
LOWER GREAT LAKES/ ST. LAWRENCE PLAIN;-3.08360278685204;-3.57094241476647;-2.06839555520823;Magnolia Warbler
BOREAL HARDWOOD TRANSITION;-1.53436862738104;-2.03134411725351;-1.18760832203181;Magnolia Warbler
BOREAL SOFTWOOD SHIELD;0.87548184489428;0.207902837523379;1.52654084204421;Magnolia Warbler
TAIGA SHIELD AND HUDSON PLAINS;0.980842094800404;-0.981456136610246;2.73640239887342;Magnolia Warbler
TAIGA SHIELD AND HUDSON PLAINS;-3.75219731380535;-5.18173411939636;-2.527407764059;Bay-breasted Warbler
LOWER GREAT LAKES/ ST. LAWRENCE PLAIN;-2.26940658539861;-3.57751243146649;-0.261129710649557;Bay-breasted Warbler
BOREAL SOFTWOOD SHIELD;0.333781117991782;-0.517756054745224;1.35118315499531;Bay-breasted Warbler
BOREAL HARDWOOD TRANSITION;0.67980508612459;0.203333694812301;1.19775241604962;Bay-breasted Warbler
TAIGA SHIELD AND HUDSON PLAINS;-1.0237903071081;-1.80774578368082;0.69860137731408;Blackburnian Warbler
LOWER GREAT LAKES/ ST. LAWRENCE PLAIN;0.162522807451073;-0.508168931529829;0.706563523999426;Blackburnian Warbler
BOREAL HARDWOOD TRANSITION;0.295888523556;-0.239633281181822;0.843853817084428;Blackburnian Warbler
BOREAL SOFTWOOD SHIELD;2.46400352179218;1.73109951872797;3.01935429559941;Blackburnian Warbler
TAIGA SHIELD AND HUDSON PLAINS;-3.6806677127552;-5.45956771879252;-2.04361725675881;Yellow Warbler
LOWER GREAT LAKES/ ST. LAWRENCE PLAIN;-0.25017026474007;-0.589194745497534;0.186873774078663;Yellow Warbler
BOREAL HARDWOOD TRANSITION;0.060109618967857;-0.935774163361656;0.655930555454025;Yellow Warbler
BOREAL SOFTWOOD SHIELD;0.419965990020009;-1.06852394957243;1.23191544025005;Yellow Warbler
BOREAL SOFTWOOD SHIELD;-0.617803518347575;-1.39898136815315;-0.0218191861396588;Chestnut-sided Warbler
BOREAL HARDWOOD TRANSITION;-0.380582269387008;-1.02252119220037;0.0823534333517417;Chestnut-sided Warbler
LOWER GREAT LAKES/ ST. LAWRENCE PLAIN;0.823112042020049;0.512545044897171;1.39919479766489;Chestnut-sided Warbler
TAIGA SHIELD AND HUDSON PLAINS;1.19224367223786;-0.30054651194973;2.39216521879988;Chestnut-sided Warbler
BOREAL SOFTWOOD SHIELD;-4.88745460827847;-5.91931146437548;-2.86659110835253;Blackpoll Warbler
TAIGA SHIELD AND HUDSON PLAINS;-2.6613183938238;-3.93054337561903;-1.1980719934239;Blackpoll Warbler
NA;NA;NA;NA;NA
NA;NA;NA;NA;NA
LOWER GREAT LAKES/ ST. LAWRENCE PLAIN;-1.53072415936983;-2.29083389869064;-0.546203984344628;Black-throated Blue Warbler
TAIGA SHIELD AND HUDSON PLAINS;-1.22898939053436;-1.82082012909697;0.0110774327939928;Black-throated Blue Warbler
BOREAL HARDWOOD TRANSITION;-0.423215726870055;-1.0586152481779;0.646240859245941;Black-throated Blue Warbler
BOREAL SOFTWOOD SHIELD;1.7841452356265;0.790964128331556;3.43604013924798;Black-throated Blue Warbler
NA;NA;NA;NA;NA
NA;NA;NA;NA;NA
NA;NA;NA;NA;NA
NA;NA;NA;NA;NA
BOREAL SOFTWOOD SHIELD;0.897757333376182;0.248847375270426;3.19336678905698;Pine Warbler
LOWER GREAT LAKES/ ST. LAWRENCE PLAIN;1.47190111012768;1.01288853363718;2.73723565385002;Pine Warbler
BOREAL HARDWOOD TRANSITION;3.29112590663195;2.37177176005235;4.14585442306625;Pine Warbler
NA;NA;NA;NA;NA
TAIGA SHIELD AND HUDSON PLAINS;-3.18146678180092;-3.91847667255029;-1.99724686847233;Black-throated Green Warbler
LOWER GREAT LAKES/ ST. LAWRENCE PLAIN;-1.82810372795594;-2.41817441377423;-1.52137466586738;Black-throated Green Warbler
BOREAL HARDWOOD TRANSITION;-1.64292212082195;-2.1217340206986;-1.15006480555361;Black-throated Green Warbler
BOREAL SOFTWOOD SHIELD;-0.168367800646042;-0.781229418035531;0.500777010737228;Black-throated Green Warbler
LOWER GREAT LAKES/ ST. LAWRENCE PLAIN;-1.11313176092592;-1.34903584892447;0.177434967521167;Canada Warbler
BOREAL HARDWOOD TRANSITION;0.114051898032331;-0.168784600897571;0.553448180859107;Canada Warbler
BOREAL SOFTWOOD SHIELD;1.57027008905181;1.0474613276131;2.3131664074287;Canada Warbler
TAIGA SHIELD AND HUDSON PLAINS;6.2107590781636;4.06985496162481;9.45590163620662;Canada Warbler
BOREAL SOFTWOOD SHIELD;-3.69845916906852;-4.84649473634802;-2.01744858126009;Wilson's Warbler
BOREAL HARDWOOD TRANSITION;-3.59765852373264;-4.86193513152612;-2.63859827242582;Wilson's Warbler
TAIGA SHIELD AND HUDSON PLAINS;-1.1731238883802;-3.9763317556849;-0.0419562492538943;Wilson's Warbler
NA;NA;NA;NA;NA
BOREAL SOFTWOOD SHIELD;-1.74082016481925;-2.499090421327;0.0846758062397631;Scarlet Tanager
LOWER GREAT LAKES/ ST. LAWRENCE PLAIN;-1.21901034143789;-2.29169166943859;-0.768139865752242;Scarlet Tanager
BOREAL HARDWOOD TRANSITION;-0.924969289936385;-1.40584708636667;-0.169850605607453;Scarlet Tanager
NA;NA;NA;NA;NA
LOWER GREAT LAKES/ ST. LAWRENCE PLAIN;1.63241912735001;1.2848466163877;2.02242099174949;Northern Cardinal
BOREAL HARDWOOD TRANSITION;4.42061397555947;3.30396169072129;6.33183888965067;Northern Cardinal
NA;NA;NA;NA;NA
NA;NA;NA;NA;NA
BOREAL SOFTWOOD SHIELD;0.0528204775220546;-1.14973223271462;0.988975499877761;Rose-breasted Grosbeak
BOREAL HARDWOOD TRANSITION;0.262503994610533;-0.243610685528259;1.50016092800154;Rose-breasted Grosbeak
LOWER GREAT LAKES/ ST. LAWRENCE PLAIN;1.65359333417312;1.20078339346738;2.18169209870123;Rose-breasted Grosbeak
NA;NA;NA;NA;NA
BOREAL SOFTWOOD SHIELD;-0.396045631501226;-3.00343662534035;0.690454415840263;Indigo Bunting
LOWER GREAT LAKES/ ST. LAWRENCE PLAIN;-0.152012764777345;-0.398338219595895;0.334771512758324;Indigo Bunting
BOREAL HARDWOOD TRANSITION;0.977506963650774;-0.296002833595117;2.37018581132244;Indigo Bunting
NA;NA;NA;NA;NA
LOWER GREAT LAKES/ ST. LAWRENCE PLAIN;-1.3846405242177;-2.75464215305593;0.896244098719161;Dickcissel
BOREAL HARDWOOD TRANSITION;3.72423074829561;1.2920115713724;7.01623794161665;Dickcissel
NA;NA;NA;NA;NA
NA;NA;NA;NA;NA
